{"Musique russe": [0, 0], "Latin Music": [50, 44867493], "Kids": [37, 21435471], "Indian Music": [2, 4608], "Brazilian Music": [48, 45502634], "Blues": [49, 5424411], "Asian Music": [48, 6080756], "African Music": [45, 2289000], "Soul & Funk": [48, 8052213], "Metal": [50, 18473006], "Films/Games": [47, 7619688], "Classical": [46, 7739523], "Jazz": [46, 12353510], "Reggae": [48, 21963279], "Folk": [47, 2402500], "Electro": [48, 23435389], "Alternative": [50, 75389274], "R&B": [50, 46580868], "Dance": [50, 92413853], "Rock": [49, 84255973], "Rap/Hip Hop": [50, 59958373], "Pop": [50, 142339773], "All": [50, 135982821]}